-- Prior Authorization System - Seed Data
-- Generated for demo/development environment

-- =============================================================================
-- 1. MEMBERS (15 records)
-- =============================================================================

INSERT INTO members (member_id, first_name, last_name, date_of_birth, gender, ssn_last4, address_line1, address_city, address_state, address_zip, phone, email, plan_type, plan_id, group_number, effective_date, termination_date, coverage_level, copay_primary, copay_specialist, deductible_annual, deductible_met, max_out_of_pocket, oop_met, is_active, pre_auth_required, pcp_name, pcp_npi) VALUES
('MEM-100001', 'John', 'Doe', '1952-03-15', 'M', '1234', '1420 N St NW', 'Washington', 'DC', '20005', '(202)555-0101', 'john.doe@email.com', 'Gold Plus HMO', 'PLN-GOLD-001', 'GRP-5001', '2025-01-01', NULL, 'Family', 25.00, 50.00, 1500.00, 1200.00, 6000.00, 3400.00, true, true, 'Dr. Robert Mills', '1112223333'),
('MEM-100002', 'Jane', 'Smith', '1981-07-22', 'F', '2345', '3200 Wisconsin Ave NW', 'Washington', 'DC', '20016', '(202)555-0102', 'jane.smith@email.com', 'Silver PPO', 'PLN-SILV-002', 'GRP-5002', '2025-03-01', NULL, 'Individual', 35.00, 65.00, 2500.00, 800.00, 8000.00, 1200.00, true, true, 'Dr. Lisa Chang', '2223334444'),
('MEM-100003', 'Robert', 'Johnson', '1976-11-05', 'M', '3456', '5100 Columbia Pike', 'Arlington', 'VA', '22204', '(703)555-0103', 'robert.johnson@email.com', 'Bronze HMO', 'PLN-BRNZ-003', 'GRP-5003', '2024-06-01', NULL, 'Individual', 40.00, 80.00, 3000.00, 2100.00, 9000.00, 4500.00, true, true, 'Dr. Maria Santos', '3334445555'),
('MEM-100004', 'Maria', 'Garcia', '1956-04-18', 'F', '4567', '8200 Greensboro Dr', 'McLean', 'VA', '22102', '(703)555-0104', 'maria.garcia@email.com', 'Gold Plus HMO', 'PLN-GOLD-001', 'GRP-5004', '2024-01-01', NULL, 'Family', 25.00, 50.00, 1500.00, 1500.00, 6000.00, 5200.00, true, true, 'Dr. James Park', '4445556666'),
('MEM-100005', 'James', 'Wilson', '1964-02-28', 'M', '5678', '1600 K St NW', 'Washington', 'DC', '20006', '(202)555-0105', 'james.wilson@email.com', 'Platinum PPO', 'PLN-PLAT-004', 'GRP-5005', '2025-01-01', NULL, 'Family', 15.00, 30.00, 500.00, 500.00, 3000.00, 2100.00, true, true, 'Dr. Sarah Johnson', '5556667777'),
('MEM-100006', 'Emily', 'Chen', '1976-09-12', 'F', '6789', '4400 Fair Lakes Ct', 'Fairfax', 'VA', '22033', '(703)555-0106', 'emily.chen@email.com', 'Silver PPO', 'PLN-SILV-002', 'GRP-5006', '2025-01-01', NULL, 'Individual', 35.00, 65.00, 2500.00, 400.00, 8000.00, 600.00, true, true, 'Dr. Michael Torres', '6667778888'),
('MEM-100007', 'Michael', 'Brown', '1972-06-30', 'M', '7890', '12000 Government Center Pkwy', 'Fairfax', 'VA', '22035', '(703)555-0107', 'michael.brown@email.com', 'Gold Plus HMO', 'PLN-GOLD-001', 'GRP-5007', '2024-07-01', NULL, 'Individual', 25.00, 50.00, 1500.00, 1500.00, 6000.00, 4800.00, true, true, 'Dr. Karen White', '7778889999'),
('MEM-100008', 'Sarah', 'Davis', '1971-01-20', 'F', '8901', '300 N Washington St', 'Alexandria', 'VA', '22314', '(703)555-0108', 'sarah.davis@email.com', 'Silver PPO', 'PLN-SILV-002', 'GRP-5008', '2025-01-01', NULL, 'Family', 35.00, 65.00, 2500.00, 1800.00, 8000.00, 3200.00, true, true, 'Dr. David Lee', '8889990001'),
('MEM-100009', 'David', 'Martinez', '1970-08-14', 'M', '9012', '7500 Old Georgetown Rd', 'Bethesda', 'MD', '20814', '(301)555-0109', 'david.martinez@email.com', 'Bronze HMO', 'PLN-BRNZ-003', 'GRP-5009', '2025-01-01', NULL, 'Individual', 40.00, 80.00, 3000.00, 900.00, 9000.00, 1500.00, true, true, 'Dr. Jennifer Adams', '9990001112'),
('MEM-100010', 'Lisa', 'Anderson', '1974-05-03', 'F', '0123', '2900 Telestar Ct', 'Falls Church', 'VA', '22042', '(703)555-0110', 'lisa.anderson@email.com', 'Platinum PPO', 'PLN-PLAT-004', 'GRP-5010', '2024-01-01', NULL, 'Family', 15.00, 30.00, 500.00, 500.00, 3000.00, 2800.00, true, true, 'Dr. Thomas Reid', '1011121314'),
('MEM-100011', 'William', 'Taylor', '1968-12-25', 'M', '1234', '6301 Ivy Ln', 'Greenbelt', 'MD', '20770', '(301)555-0111', 'william.taylor@email.com', 'Gold Plus HMO', 'PLN-GOLD-001', 'GRP-5011', '2025-01-01', NULL, 'Individual', 25.00, 50.00, 1500.00, 600.00, 6000.00, 900.00, true, true, 'Dr. Nancy Cooper', '1112131415'),
('MEM-100012', 'Jennifer', 'Thomas', '1979-03-08', 'F', '2345', '1500 Wilson Blvd', 'Arlington', 'VA', '22209', '(703)555-0112', 'jennifer.thomas@email.com', 'Silver PPO', 'PLN-SILV-002', 'GRP-5012', '2025-06-01', NULL, 'Family', 35.00, 65.00, 2500.00, 300.00, 8000.00, 500.00, true, true, 'Dr. Brian Murphy', '1213141516'),
('MEM-100013', 'Christopher', 'Lee', '1968-12-25', 'M', '3456', '9200 Basil Ct', 'Largo', 'MD', '20774', '(301)555-0113', 'christopher.lee@email.com', 'Bronze HMO', 'PLN-BRNZ-003', 'GRP-5013', '2024-01-01', NULL, 'Individual', 40.00, 80.00, 3000.00, 2400.00, 9000.00, 5100.00, true, true, 'Dr. Amanda Foster', '1314151617'),
('MEM-100014', 'Amanda', 'White', '1964-07-19', 'F', '4567', '4201 Cathedral Ave NW', 'Washington', 'DC', '20016', '(202)555-0114', 'amanda.white@email.com', 'Platinum PPO', 'PLN-PLAT-004', 'GRP-5014', '2024-06-01', NULL, 'Family', 15.00, 30.00, 500.00, 500.00, 3000.00, 2600.00, true, true, 'Dr. Richard Yang', '1415161718'),
('MEM-100015', 'Daniel', 'Harris', '1958-10-02', 'M', '5678', '11800 Sunrise Valley Dr', 'Reston', 'VA', '20191', '(703)555-0115', 'daniel.harris@email.com', 'Gold Plus HMO', 'PLN-GOLD-001', 'GRP-5015', '2025-01-01', NULL, 'Individual', 25.00, 50.00, 1500.00, 1500.00, 6000.00, 5800.00, true, true, 'Dr. Stephanie Ross', '1516171819');

-- =============================================================================
-- 2. CLAIMS (75 records - 5 per member)
-- =============================================================================

-- Member 1: John Doe (MEM-100001) - Cardiac patient (ECG prior auth)
INSERT INTO claims (claim_id, member_id, service_date, provider_name, provider_npi, facility_name, cpt_code, cpt_description, icd10_codes, billed_amount, allowed_amount, paid_amount, patient_responsibility, claim_status, denial_reason, service_type, place_of_service, auth_number) VALUES
('CLM-2025-00001', 'MEM-100001', '2025-04-10', 'Dr. Robert Mills', '1112223333', 'St. Mary''s Hospital', '99214', 'Office Visit - Established Patient Level 4', '{"I50.9","E11.9"}', 225.00, 168.75, 143.75, 25.00, 'paid', NULL, 'Office Visit', 'Office', NULL),
('CLM-2025-00002', 'MEM-100001', '2025-06-15', 'Dr. Robert Mills', '1112223333', 'St. Mary''s Hospital', '80053', 'Comprehensive Metabolic Panel', '{"I50.9","E11.9"}', 185.00, 140.00, 105.00, 35.00, 'paid', NULL, 'Laboratory', 'Office', NULL),
('CLM-2025-00003', 'MEM-100001', '2025-08-20', 'Dr. Sarah Johnson', '5556667777', 'Washington Heart Center', '93000', 'Electrocardiogram', '{"I50.9","R00.2"}', 210.00, 157.50, 117.50, 40.00, 'paid', NULL, 'Diagnostic', 'Office', NULL),
('CLM-2025-00004', 'MEM-100001', '2025-10-05', 'Dr. Robert Mills', '1112223333', 'St. Mary''s Hospital', '99213', 'Office Visit - Established Patient Level 3', '{"I50.9","E11.9"}', 165.00, 123.75, 98.75, 25.00, 'paid', NULL, 'Office Visit', 'Office', NULL),
('CLM-2025-00005', 'MEM-100001', '2025-12-01', 'Dr. Sarah Johnson', '5556667777', 'Washington Heart Center', '93306', 'Echocardiogram Complete', '{"I50.9"}', 450.00, 337.50, 287.50, 50.00, 'paid', NULL, 'Diagnostic', 'Outpatient Hospital', 'AUTH-2025-1001');

-- Member 2: Jane Smith (MEM-100002) - Migraine patient (MRI Brain prior auth)
INSERT INTO claims (claim_id, member_id, service_date, provider_name, provider_npi, facility_name, cpt_code, cpt_description, icd10_codes, billed_amount, allowed_amount, paid_amount, patient_responsibility, claim_status, denial_reason, service_type, place_of_service, auth_number) VALUES
('CLM-2025-00006', 'MEM-100002', '2025-05-08', 'Dr. Lisa Chang', '2223334444', 'City Medical Center', '99214', 'Office Visit - Established Patient Level 4', '{"G43.909","R51.9"}', 235.00, 176.25, 111.25, 65.00, 'paid', NULL, 'Office Visit', 'Office', NULL),
('CLM-2025-00007', 'MEM-100002', '2025-06-20', 'Dr. Lisa Chang', '2223334444', 'City Medical Center', '85025', 'Complete Blood Count', '{"G43.909"}', 95.00, 71.25, 36.25, 35.00, 'paid', NULL, 'Laboratory', 'Office', NULL),
('CLM-2025-00008', 'MEM-100002', '2025-08-14', 'Dr. Lisa Chang', '2223334444', 'City Medical Center', '99213', 'Office Visit - Established Patient Level 3', '{"G43.909","G43.001"}', 165.00, 123.75, 58.75, 65.00, 'paid', NULL, 'Office Visit', 'Office', NULL),
('CLM-2025-00009', 'MEM-100002', '2025-10-18', 'Dr. Anna Rosen', '2234567890', 'City Medical Center', '70553', 'MRI Brain w/o then w/ Contrast', '{"G43.909"}', 1850.00, 1387.50, 1322.50, 65.00, 'paid', NULL, 'Imaging', 'Outpatient Hospital', 'AUTH-2025-1002'),
('CLM-2025-00010', 'MEM-100002', '2025-12-10', 'Dr. Lisa Chang', '2223334444', 'City Medical Center', '99215', 'Office Visit - Established Patient Level 5', '{"G43.909","G43.001"}', 250.00, 187.50, 152.50, 35.00, 'paid', NULL, 'Office Visit', 'Office', NULL);

-- Member 3: Robert Johnson (MEM-100003) - Back pain patient (PT prior auth)
INSERT INTO claims (claim_id, member_id, service_date, provider_name, provider_npi, facility_name, cpt_code, cpt_description, icd10_codes, billed_amount, allowed_amount, paid_amount, patient_responsibility, claim_status, denial_reason, service_type, place_of_service, auth_number) VALUES
('CLM-2025-00011', 'MEM-100003', '2025-03-22', 'Dr. Maria Santos', '3334445555', 'Valley Healthcare', '99214', 'Office Visit - Established Patient Level 4', '{"M54.5","M54.41"}', 220.00, 165.00, 85.00, 80.00, 'paid', NULL, 'Office Visit', 'Office', NULL),
('CLM-2025-00012', 'MEM-100003', '2025-05-15', 'Valley Lab Services', '3345678901', 'Valley Healthcare', '80053', 'Comprehensive Metabolic Panel', '{"M54.5"}', 175.00, 131.25, 91.25, 40.00, 'paid', NULL, 'Laboratory', 'Office', NULL),
('CLM-2025-00013', 'MEM-100003', '2025-07-01', 'Dr. Maria Santos', '3334445555', 'Valley Healthcare', '72148', 'MRI Lumbar Spine w/o Contrast', '{"M54.5","M54.41"}', 1200.00, 900.00, 820.00, 80.00, 'paid', NULL, 'Imaging', 'Outpatient Hospital', 'AUTH-2025-1003'),
('CLM-2025-00014', 'MEM-100003', '2025-09-10', 'PT Associates', '3356789012', 'Valley Healthcare PT', '97110', 'Therapeutic Exercises', '{"M54.5"}', 180.00, 135.00, 95.00, 40.00, 'paid', NULL, 'Physical Therapy', 'Office', NULL),
('CLM-2025-00015', 'MEM-100003', '2025-11-20', 'Dr. Maria Santos', '3334445555', 'Valley Healthcare', '99213', 'Office Visit - Established Patient Level 3', '{"M54.5","M54.42"}', 165.00, 123.75, 83.75, 40.00, 'paid', NULL, 'Office Visit', 'Office', NULL);

-- Member 4: Maria Garcia (MEM-100004) - Knee OA patient (TKA prior auth)
INSERT INTO claims (claim_id, member_id, service_date, provider_name, provider_npi, facility_name, cpt_code, cpt_description, icd10_codes, billed_amount, allowed_amount, paid_amount, patient_responsibility, claim_status, denial_reason, service_type, place_of_service, auth_number) VALUES
('CLM-2025-00016', 'MEM-100004', '2025-03-05', 'Dr. James Park', '4445556666', 'Georgetown Orthopedics', '99214', 'Office Visit - Established Patient Level 4', '{"M17.11","M17.0"}', 230.00, 172.50, 122.50, 50.00, 'paid', NULL, 'Office Visit', 'Office', NULL),
('CLM-2025-00017', 'MEM-100004', '2025-05-10', 'Georgetown Lab', '4456789012', 'Georgetown Orthopedics', '85025', 'Complete Blood Count', '{"M17.11"}', 90.00, 67.50, 42.50, 25.00, 'paid', NULL, 'Laboratory', 'Office', NULL),
('CLM-2025-00018', 'MEM-100004', '2025-06-20', 'Georgetown PT', '4467890123', 'Georgetown Orthopedics PT', '97110', 'Therapeutic Exercises', '{"M17.11"}', 180.00, 135.00, 85.00, 50.00, 'paid', NULL, 'Physical Therapy', 'Office', NULL),
('CLM-2025-00019', 'MEM-100004', '2025-08-15', 'Dr. James Park', '4445556666', 'Georgetown Orthopedics', '20611', 'Intra-articular Injection Knee', '{"M17.11"}', 350.00, 262.50, 212.50, 50.00, 'paid', NULL, 'Procedure', 'Office', NULL),
('CLM-2025-00020', 'MEM-100004', '2025-11-01', 'Dr. James Park', '4445556666', 'Georgetown Orthopedics', '73565', 'X-ray Knee Weight-bearing', '{"M17.11","M17.0"}', 195.00, 146.25, 121.25, 25.00, 'paid', NULL, 'Imaging', 'Office', NULL);

-- Member 5: James Wilson (MEM-100005) - Cardiac patient (Cath prior auth)
INSERT INTO claims (claim_id, member_id, service_date, provider_name, provider_npi, facility_name, cpt_code, cpt_description, icd10_codes, billed_amount, allowed_amount, paid_amount, patient_responsibility, claim_status, denial_reason, service_type, place_of_service, auth_number) VALUES
('CLM-2025-00021', 'MEM-100005', '2025-04-18', 'Dr. Sarah Johnson', '5556667777', 'Washington Heart Center', '99214', 'Office Visit - Established Patient Level 4', '{"I25.10","R07.9"}', 240.00, 180.00, 150.00, 30.00, 'paid', NULL, 'Office Visit', 'Office', NULL),
('CLM-2025-00022', 'MEM-100005', '2025-06-01', 'Washington Lab', '5567890123', 'Washington Heart Center', '80053', 'Comprehensive Metabolic Panel', '{"I25.10"}', 185.00, 138.75, 108.75, 30.00, 'paid', NULL, 'Laboratory', 'Office', NULL),
('CLM-2025-00023', 'MEM-100005', '2025-08-10', 'Dr. Sarah Johnson', '5556667777', 'Washington Heart Center', '93015', 'Cardiovascular Stress Test', '{"I25.10","R07.9"}', 580.00, 435.00, 405.00, 30.00, 'paid', NULL, 'Diagnostic', 'Office', 'AUTH-2025-1005'),
('CLM-2025-00024', 'MEM-100005', '2025-10-20', 'Dr. Sarah Johnson', '5556667777', 'Washington Heart Center', '93306', 'Echocardiogram Complete', '{"I25.10"}', 450.00, 337.50, 307.50, 30.00, 'paid', NULL, 'Diagnostic', 'Outpatient Hospital', 'AUTH-2025-1006'),
('CLM-2025-00025', 'MEM-100005', '2025-12-15', 'Dr. Sarah Johnson', '5556667777', 'Washington Heart Center', '99213', 'Office Visit - Established Patient Level 3', '{"I25.10","R07.9"}', 165.00, 123.75, 93.75, 30.00, 'paid', NULL, 'Office Visit', 'Office', NULL);

-- Member 6: Emily Chen (MEM-100006) - GI patient (Colonoscopy prior auth)
INSERT INTO claims (claim_id, member_id, service_date, provider_name, provider_npi, facility_name, cpt_code, cpt_description, icd10_codes, billed_amount, allowed_amount, paid_amount, patient_responsibility, claim_status, denial_reason, service_type, place_of_service, auth_number) VALUES
('CLM-2025-00026', 'MEM-100006', '2025-03-15', 'Dr. Michael Torres', '6667778888', 'Fairfax GI Associates', '99213', 'Office Visit - Established Patient Level 3', '{"Z12.11","Z80.0"}', 165.00, 123.75, 58.75, 65.00, 'paid', NULL, 'Office Visit', 'Office', NULL),
('CLM-2025-00027', 'MEM-100006', '2025-05-20', 'Fairfax Lab Services', '6678901234', 'Fairfax GI Associates', '82274', 'Fecal Immunochemical Test', '{"Z12.11"}', 85.00, 63.75, 28.75, 35.00, 'paid', NULL, 'Laboratory', 'Office', NULL),
('CLM-2025-00028', 'MEM-100006', '2025-07-10', 'Dr. Michael Torres', '6667778888', 'Fairfax GI Associates', '99214', 'Office Visit - Established Patient Level 4', '{"Z12.11","K58.9"}', 225.00, 168.75, 103.75, 65.00, 'paid', NULL, 'Office Visit', 'Office', NULL),
('CLM-2025-00029', 'MEM-100006', '2025-09-25', 'Dr. Michael Torres', '6667778888', 'Fairfax GI Associates', '76700', 'Ultrasound Abdomen Complete', '{"K58.9","R10.9"}', 320.00, 240.00, 175.00, 65.00, 'paid', NULL, 'Imaging', 'Office', NULL),
('CLM-2025-00030', 'MEM-100006', '2025-12-08', 'Dr. Michael Torres', '6667778888', 'Fairfax GI Associates', '99213', 'Office Visit - Established Patient Level 3', '{"Z12.11"}', 165.00, 123.75, 88.75, 35.00, 'paid', NULL, 'Office Visit', 'Office', NULL);

-- Member 7: Michael Brown (MEM-100007) - Spine patient (Fusion prior auth, denied), 1 denied PT claim
INSERT INTO claims (claim_id, member_id, service_date, provider_name, provider_npi, facility_name, cpt_code, cpt_description, icd10_codes, billed_amount, allowed_amount, paid_amount, patient_responsibility, claim_status, denial_reason, service_type, place_of_service, auth_number) VALUES
('CLM-2025-00031', 'MEM-100007', '2025-03-01', 'Dr. Karen White', '7778889999', 'Spine & Neuro Institute', '99214', 'Office Visit - Established Patient Level 4', '{"M51.16","M47.816"}', 230.00, 172.50, 122.50, 50.00, 'paid', NULL, 'Office Visit', 'Office', NULL),
('CLM-2025-00032', 'MEM-100007', '2025-05-15', 'Spine Lab Services', '7789012345', 'Spine & Neuro Institute', '80053', 'Comprehensive Metabolic Panel', '{"M51.16"}', 185.00, 138.75, 88.75, 50.00, 'paid', NULL, 'Laboratory', 'Office', NULL),
('CLM-2025-00033', 'MEM-100007', '2025-07-20', 'Dr. Karen White', '7778889999', 'Spine & Neuro Institute', '72148', 'MRI Lumbar Spine w/o Contrast', '{"M51.16","M47.816"}', 1200.00, 900.00, 850.00, 50.00, 'paid', NULL, 'Imaging', 'Outpatient Hospital', 'AUTH-2025-1007'),
('CLM-2025-00034', 'MEM-100007', '2025-09-10', 'Fairfax PT Center', '7790123456', 'Fairfax PT Center', '97110', 'Therapeutic Exercises', '{"M51.16","M54.5"}', 180.00, 0.00, 0.00, 180.00, 'denied', 'Prior authorization not obtained for physical therapy services', 'Physical Therapy', 'Office', NULL),
('CLM-2025-00035', 'MEM-100007', '2025-11-05', 'Dr. Karen White', '7778889999', 'Spine & Neuro Institute', '99213', 'Office Visit - Established Patient Level 3', '{"M51.16","M47.816"}', 165.00, 123.75, 73.75, 50.00, 'paid', NULL, 'Office Visit', 'Office', NULL);

-- Member 8: Sarah Davis (MEM-100008) - Abdominal pain patient (CT prior auth)
INSERT INTO claims (claim_id, member_id, service_date, provider_name, provider_npi, facility_name, cpt_code, cpt_description, icd10_codes, billed_amount, allowed_amount, paid_amount, patient_responsibility, claim_status, denial_reason, service_type, place_of_service, auth_number) VALUES
('CLM-2025-00036', 'MEM-100008', '2025-04-05', 'Dr. David Lee', '8889990001', 'Alexandria Imaging Center', '99213', 'Office Visit - Established Patient Level 3', '{"R10.13","R10.9"}', 165.00, 123.75, 58.75, 65.00, 'paid', NULL, 'Office Visit', 'Office', NULL),
('CLM-2025-00037', 'MEM-100008', '2025-06-12', 'Alexandria Lab', '8890012345', 'Alexandria Imaging Center', '80053', 'Comprehensive Metabolic Panel', '{"R10.13"}', 185.00, 138.75, 73.75, 65.00, 'paid', NULL, 'Laboratory', 'Office', NULL),
('CLM-2025-00038', 'MEM-100008', '2025-08-01', 'Dr. David Lee', '8889990001', 'Alexandria Imaging Center', '99214', 'Office Visit - Established Patient Level 4', '{"R10.13","R10.9","R19.00"}', 225.00, 168.75, 103.75, 65.00, 'paid', NULL, 'Office Visit', 'Office', NULL),
('CLM-2025-00039', 'MEM-100008', '2025-10-15', 'Dr. David Lee', '8889990001', 'Alexandria Imaging Center', '76700', 'Ultrasound Abdomen Complete', '{"R10.13","R10.9"}', 320.00, 240.00, 175.00, 65.00, 'paid', NULL, 'Imaging', 'Office', NULL),
('CLM-2025-00040', 'MEM-100008', '2025-12-20', 'Dr. David Lee', '8889990001', 'Alexandria Imaging Center', '99213', 'Office Visit - Established Patient Level 3', '{"R10.13","R19.00"}', 165.00, 123.75, 88.75, 35.00, 'paid', NULL, 'Office Visit', 'Office', NULL);

-- Member 9: David Martinez (MEM-100009) - Shoulder patient (Arthroscopy prior auth)
INSERT INTO claims (claim_id, member_id, service_date, provider_name, provider_npi, facility_name, cpt_code, cpt_description, icd10_codes, billed_amount, allowed_amount, paid_amount, patient_responsibility, claim_status, denial_reason, service_type, place_of_service, auth_number) VALUES
('CLM-2025-00041', 'MEM-100009', '2025-04-20', 'Dr. Jennifer Adams', '9990001112', 'Bethesda Sports Medicine', '99214', 'Office Visit - Established Patient Level 4', '{"M75.111","M75.121"}', 220.00, 165.00, 85.00, 80.00, 'paid', NULL, 'Office Visit', 'Office', NULL),
('CLM-2025-00042', 'MEM-100009', '2025-06-25', 'Bethesda Lab', '9901234567', 'Bethesda Sports Medicine', '85025', 'Complete Blood Count', '{"M75.111"}', 95.00, 71.25, 31.25, 40.00, 'paid', NULL, 'Laboratory', 'Office', NULL),
('CLM-2025-00043', 'MEM-100009', '2025-08-05', 'Dr. Jennifer Adams', '9990001112', 'Bethesda Sports Medicine', '73221', 'MRI Shoulder w/o Contrast', '{"M75.111"}', 1100.00, 825.00, 745.00, 80.00, 'paid', NULL, 'Imaging', 'Outpatient Hospital', 'AUTH-2025-1009'),
('CLM-2025-00044', 'MEM-100009', '2025-10-01', 'Bethesda PT', '9912345678', 'Bethesda Sports Medicine PT', '97110', 'Therapeutic Exercises', '{"M75.111"}', 180.00, 135.00, 95.00, 40.00, 'paid', NULL, 'Physical Therapy', 'Office', NULL),
('CLM-2025-00045', 'MEM-100009', '2025-12-12', 'Dr. Jennifer Adams', '9990001112', 'Bethesda Sports Medicine', '20610', 'Corticosteroid Injection Shoulder', '{"M75.111"}', 280.00, 210.00, 130.00, 80.00, 'paid', NULL, 'Procedure', 'Office', NULL);

-- Member 10: Lisa Anderson (MEM-100010) - Breast cancer patient (Chemo prior auth)
INSERT INTO claims (claim_id, member_id, service_date, provider_name, provider_npi, facility_name, cpt_code, cpt_description, icd10_codes, billed_amount, allowed_amount, paid_amount, patient_responsibility, claim_status, denial_reason, service_type, place_of_service, auth_number) VALUES
('CLM-2025-00046', 'MEM-100010', '2025-03-10', 'Dr. Thomas Reid', '1011121314', 'Virginia Cancer Institute', '99214', 'Office Visit - Established Patient Level 4', '{"C50.911","Z85.3"}', 240.00, 180.00, 150.00, 30.00, 'paid', NULL, 'Office Visit', 'Office', NULL),
('CLM-2025-00047', 'MEM-100010', '2025-05-01', 'VCI Lab Services', '1012345678', 'Virginia Cancer Institute', '85025', 'Complete Blood Count', '{"C50.911"}', 95.00, 71.25, 41.25, 30.00, 'paid', NULL, 'Laboratory', 'Office', NULL),
('CLM-2025-00048', 'MEM-100010', '2025-07-15', 'Dr. Thomas Reid', '1011121314', 'Virginia Cancer Institute', '19083', 'Breast Biopsy with Image Guidance', '{"C50.911","N63.10"}', 2200.00, 1650.00, 1620.00, 30.00, 'paid', NULL, 'Procedure', 'Outpatient Hospital', 'AUTH-2025-1010'),
('CLM-2025-00049', 'MEM-100010', '2025-09-20', 'Dr. Thomas Reid', '1011121314', 'Virginia Cancer Institute', '77067', 'Screening Mammography Bilateral', '{"C50.911","Z12.31"}', 350.00, 262.50, 232.50, 30.00, 'paid', NULL, 'Imaging', 'Outpatient Hospital', NULL),
('CLM-2025-00050', 'MEM-100010', '2025-11-10', 'Dr. Thomas Reid', '1011121314', 'Virginia Cancer Institute', '99215', 'Office Visit - Established Patient Level 5', '{"C50.911"}', 250.00, 187.50, 157.50, 30.00, 'paid', NULL, 'Office Visit', 'Office', NULL);

-- Member 11: William Taylor (MEM-100011) - Sleep disorder patient (Sleep study prior auth)
INSERT INTO claims (claim_id, member_id, service_date, provider_name, provider_npi, facility_name, cpt_code, cpt_description, icd10_codes, billed_amount, allowed_amount, paid_amount, patient_responsibility, claim_status, denial_reason, service_type, place_of_service, auth_number) VALUES
('CLM-2025-00051', 'MEM-100011', '2025-04-08', 'Dr. Nancy Cooper', '1112131415', 'Metro Sleep Center', '99214', 'Office Visit - Established Patient Level 4', '{"G47.30","R06.83"}', 230.00, 172.50, 122.50, 50.00, 'paid', NULL, 'Office Visit', 'Office', NULL),
('CLM-2025-00052', 'MEM-100011', '2025-06-18', 'Metro Lab', '1123456789', 'Metro Sleep Center', '80053', 'Comprehensive Metabolic Panel', '{"G47.30"}', 185.00, 138.75, 88.75, 50.00, 'paid', NULL, 'Laboratory', 'Office', NULL),
('CLM-2025-00053', 'MEM-100011', '2025-08-25', 'Dr. Nancy Cooper', '1112131415', 'Metro Sleep Center', '99213', 'Office Visit - Established Patient Level 3', '{"G47.30","R06.83","G47.9"}', 165.00, 123.75, 73.75, 50.00, 'paid', NULL, 'Office Visit', 'Office', NULL),
('CLM-2025-00054', 'MEM-100011', '2025-10-10', 'Dr. Nancy Cooper', '1112131415', 'Metro Sleep Center', '94760', 'Pulse Oximetry', '{"G47.30","R06.83"}', 120.00, 90.00, 65.00, 25.00, 'paid', NULL, 'Diagnostic', 'Office', NULL),
('CLM-2025-00055', 'MEM-100011', '2025-12-05', 'Dr. Nancy Cooper', '1112131415', 'Metro Sleep Center', '99214', 'Office Visit - Established Patient Level 4', '{"G47.30","R06.83"}', 230.00, 172.50, 122.50, 50.00, 'paid', NULL, 'Office Visit', 'Office', NULL);

-- Member 12: Jennifer Thomas (MEM-100012) - Breast biopsy patient
INSERT INTO claims (claim_id, member_id, service_date, provider_name, provider_npi, facility_name, cpt_code, cpt_description, icd10_codes, billed_amount, allowed_amount, paid_amount, patient_responsibility, claim_status, denial_reason, service_type, place_of_service, auth_number) VALUES
('CLM-2025-00056', 'MEM-100012', '2025-07-10', 'Dr. Brian Murphy', '1213141516', 'Capital Breast Center', '99213', 'Office Visit - Established Patient Level 3', '{"N63.10","Z12.31"}', 165.00, 123.75, 58.75, 65.00, 'paid', NULL, 'Office Visit', 'Office', NULL),
('CLM-2025-00057', 'MEM-100012', '2025-08-20', 'Capital Lab', '1234567890', 'Capital Breast Center', '85025', 'Complete Blood Count', '{"N63.10"}', 95.00, 71.25, 36.25, 35.00, 'paid', NULL, 'Laboratory', 'Office', NULL),
('CLM-2025-00058', 'MEM-100012', '2025-09-15', 'Dr. Brian Murphy', '1213141516', 'Capital Breast Center', '77067', 'Screening Mammography Bilateral', '{"N63.10","R92.1"}', 350.00, 262.50, 197.50, 65.00, 'paid', NULL, 'Imaging', 'Outpatient Hospital', NULL),
('CLM-2025-00059', 'MEM-100012', '2025-10-25', 'Dr. Brian Murphy', '1213141516', 'Capital Breast Center', '76642', 'Ultrasound Breast Limited', '{"N63.10","R92.1"}', 280.00, 210.00, 145.00, 65.00, 'paid', NULL, 'Imaging', 'Office', NULL),
('CLM-2025-00060', 'MEM-100012', '2025-12-18', 'Dr. Brian Murphy', '1213141516', 'Capital Breast Center', '99214', 'Office Visit - Established Patient Level 4', '{"N63.10","R92.1"}', 225.00, 168.75, 103.75, 65.00, 'paid', NULL, 'Office Visit', 'Office', NULL);

-- Member 13: Christopher Lee (MEM-100013) - Sleep apnea patient (CPAP denied, no sleep study claim)
INSERT INTO claims (claim_id, member_id, service_date, provider_name, provider_npi, facility_name, cpt_code, cpt_description, icd10_codes, billed_amount, allowed_amount, paid_amount, patient_responsibility, claim_status, denial_reason, service_type, place_of_service, auth_number) VALUES
('CLM-2025-00061', 'MEM-100013', '2025-03-18', 'Dr. Amanda Foster', '1314151617', 'Arlington Pulmonary', '99214', 'Office Visit - Established Patient Level 4', '{"G47.33","R06.83"}', 230.00, 172.50, 92.50, 80.00, 'paid', NULL, 'Office Visit', 'Office', NULL),
('CLM-2025-00062', 'MEM-100013', '2025-05-25', 'Arlington Lab', '1325678901', 'Arlington Pulmonary', '80053', 'Comprehensive Metabolic Panel', '{"G47.33"}', 185.00, 138.75, 58.75, 80.00, 'paid', NULL, 'Laboratory', 'Office', NULL),
('CLM-2025-00063', 'MEM-100013', '2025-07-30', 'Dr. Amanda Foster', '1314151617', 'Arlington Pulmonary', '94760', 'Pulse Oximetry', '{"G47.33","R06.83"}', 120.00, 90.00, 50.00, 40.00, 'paid', NULL, 'Diagnostic', 'Office', NULL),
('CLM-2025-00064', 'MEM-100013', '2025-09-15', 'Dr. Amanda Foster', '1314151617', 'Arlington Pulmonary', '99213', 'Office Visit - Established Patient Level 3', '{"G47.33","G47.9"}', 165.00, 123.75, 83.75, 40.00, 'paid', NULL, 'Office Visit', 'Office', NULL),
('CLM-2025-00065', 'MEM-100013', '2025-11-20', 'Dr. Amanda Foster', '1314151617', 'Arlington Pulmonary', '94010', 'Spirometry', '{"G47.33","R06.83"}', 150.00, 112.50, 72.50, 40.00, 'paid', NULL, 'Diagnostic', 'Office', NULL);

-- Member 14: Amanda White (MEM-100014) - Coronary artery disease patient (Stent prior auth)
INSERT INTO claims (claim_id, member_id, service_date, provider_name, provider_npi, facility_name, cpt_code, cpt_description, icd10_codes, billed_amount, allowed_amount, paid_amount, patient_responsibility, claim_status, denial_reason, service_type, place_of_service, auth_number) VALUES
('CLM-2025-00066', 'MEM-100014', '2025-04-12', 'Dr. Richard Yang', '1415161718', 'Washington Heart Center', '99214', 'Office Visit - Established Patient Level 4', '{"I25.110","I20.0"}', 240.00, 180.00, 150.00, 30.00, 'paid', NULL, 'Office Visit', 'Office', NULL),
('CLM-2025-00067', 'MEM-100014', '2025-06-05', 'WHC Lab Services', '1426789012', 'Washington Heart Center', '80053', 'Comprehensive Metabolic Panel', '{"I25.110"}', 185.00, 138.75, 108.75, 30.00, 'paid', NULL, 'Laboratory', 'Office', NULL),
('CLM-2025-00068', 'MEM-100014', '2025-08-18', 'Dr. Richard Yang', '1415161718', 'Washington Heart Center', '93015', 'Cardiovascular Stress Test', '{"I25.110","R07.9"}', 580.00, 435.00, 405.00, 30.00, 'paid', NULL, 'Diagnostic', 'Office', 'AUTH-2025-1014'),
('CLM-2025-00069', 'MEM-100014', '2025-10-28', 'Dr. Richard Yang', '1415161718', 'Washington Heart Center', '93458', 'Cardiac Catheterization', '{"I25.110","I20.0"}', 4500.00, 3375.00, 3345.00, 30.00, 'paid', NULL, 'Procedure', 'Inpatient Hospital', 'AUTH-2025-1015'),
('CLM-2025-00070', 'MEM-100014', '2025-12-10', 'Dr. Richard Yang', '1415161718', 'Washington Heart Center', '99213', 'Office Visit - Established Patient Level 3', '{"I25.110"}', 165.00, 123.75, 93.75, 30.00, 'paid', NULL, 'Office Visit', 'Office', NULL);

-- Member 15: Daniel Harris (MEM-100015) - Post-surgical rehab patient (PT Rehab prior auth)
INSERT INTO claims (claim_id, member_id, service_date, provider_name, provider_npi, facility_name, cpt_code, cpt_description, icd10_codes, billed_amount, allowed_amount, paid_amount, patient_responsibility, claim_status, denial_reason, service_type, place_of_service, auth_number) VALUES
('CLM-2025-00071', 'MEM-100015', '2025-05-02', 'Dr. Stephanie Ross', '1516171819', 'Rehab Plus Therapy', '99214', 'Office Visit - Established Patient Level 4', '{"Z96.651","M17.11"}', 230.00, 172.50, 122.50, 50.00, 'paid', NULL, 'Office Visit', 'Office', NULL),
('CLM-2025-00072', 'MEM-100015', '2025-06-15', 'Reston Lab', '1527890123', 'Rehab Plus Therapy', '85025', 'Complete Blood Count', '{"Z96.651"}', 95.00, 71.25, 21.25, 50.00, 'paid', NULL, 'Laboratory', 'Office', NULL),
('CLM-2025-00073', 'MEM-100015', '2025-08-10', 'Dr. Stephanie Ross', '1516171819', 'Reston Regional Hospital', '27447', 'Total Knee Arthroplasty', '{"M17.11"}', 35000.00, 26250.00, 26200.00, 50.00, 'paid', NULL, 'Surgery', 'Inpatient Hospital', 'AUTH-2025-1016'),
('CLM-2025-00074', 'MEM-100015', '2025-10-05', 'Rehab Plus PT', '1538901234', 'Rehab Plus Therapy', '97110', 'Therapeutic Exercises', '{"Z96.651","Z87.39"}', 180.00, 135.00, 85.00, 50.00, 'paid', NULL, 'Physical Therapy', 'Office', 'AUTH-2025-1017'),
('CLM-2025-00075', 'MEM-100015', '2025-12-01', 'Dr. Stephanie Ross', '1516171819', 'Rehab Plus Therapy', '99213', 'Office Visit - Established Patient Level 3', '{"Z96.651","Z87.39"}', 165.00, 123.75, 73.75, 50.00, 'paid', NULL, 'Office Visit', 'Office', NULL);

-- =============================================================================
-- 3. COVERAGE POLICIES (15 records)
-- =============================================================================

INSERT INTO coverage_policies (policy_id, policy_type, title, procedure_codes, diagnosis_codes, effective_date, termination_date, medical_necessity_criteria, required_documentation, approval_conditions, denial_conditions, review_triggers, age_restrictions, gender_restrictions, frequency_limits, conservative_treatment_required, conservative_treatment_details, source_url, last_reviewed) VALUES
('NCD-220.6', 'NCD', 'Electrocardiogram Coverage', '{"93000"}', '{"I50.9","I25.10","R00.0","R00.1","R00.2"}', '2024-01-01', NULL, '["Documented cardiac symptoms (chest pain, palpitations, dyspnea)", "Known cardiac condition requiring monitoring", "Pre-operative cardiac evaluation", "Arrhythmia evaluation"]', '["Clinical notes with cardiac symptoms", "Physical examination findings", "Prior cardiac history"]', '{"autoApprove": true, "conditions": ["Documented cardiac symptoms", "Age >= 40 with risk factors"]}', '{"conditions": ["No documented cardiac indication", "Routine screening without symptoms in low-risk patient"]}', '{"conditions": ["Frequency > 3 per year", "No documented change in symptoms"]}', NULL, NULL, NULL, false, NULL, 'https://www.cms.gov/medicare-coverage-database/view/ncd.aspx?ncdid=220.6', '2025-06-01'),

('LCD-L35065', 'LCD', 'MRI Brain Coverage', '{"70553","70551","70552"}', '{"G43.909","G43.001","R51.9","G40.909"}', '2024-01-01', NULL, '["New or worsening neurological symptoms", "Headache with red flag features", "Failed conservative treatment >= 4 weeks", "New-onset seizures"]', '["Clinical notes documenting neurological symptoms", "Failed medication trials", "Neurological examination findings", "Prior imaging if applicable"]', '{"autoApprove": false, "conditions": ["Red flag symptoms present", "Failed >= 2 medication trials", "New neurological deficit"]}', '{"conditions": ["Routine headache without red flags", "No failed conservative treatment", "Recent normal brain MRI within 6 months"]}', '{"conditions": ["Atypical presentation", "Repeat imaging within 12 months"]}', NULL, NULL, NULL, true, '{"minDuration": "4 weeks", "requiredTrials": ["At least 2 prophylactic medications", "Acute treatment trial"]}', 'https://www.cms.gov/medicare-coverage-database/view/lcd.aspx?lcdid=L35065', '2025-06-01'),

('LCD-L33632', 'LCD', 'Outpatient Physical Therapy', '{"97110","97140","97530","97112"}', '{"M54.5","M54.41","M54.42","S39.012A"}', '2024-01-01', NULL, '["Documented functional limitations", "Objective findings on examination", "Measurable treatment goals", "Reasonable expectation of improvement"]', '["Physician prescription/referral", "Baseline functional assessment with standardized measures", "Treatment plan with specific goals", "Physical examination findings"]', '{"autoApprove": false, "conditions": ["ODI >= 30%", "Documented ROM deficits", "Failed home exercise program"]}', '{"conditions": ["No documented functional limitations", "No objective findings", "Maintenance therapy only"]}', '{"conditions": ["Requests > 12 visits", "No documented progress after 6 visits", "Recurrent episodes within 6 months"]}', NULL, NULL, '{"maxVisitsPerEpisode": 12, "maxEpisodesPerYear": 3}', false, NULL, 'https://www.cms.gov/medicare-coverage-database/view/lcd.aspx?lcdid=L33632', '2025-06-01'),

('NCD-150.7', 'NCD', 'Total Knee Arthroplasty', '{"27447","27446"}', '{"M17.11","M17.12","M17.0"}', '2024-01-01', NULL, '["Kellgren-Lawrence Grade III or IV on weight-bearing X-rays", "Failed conservative treatment >= 6 months", "Significant functional impairment", "BMI <= 40 preferred"]', '["Weight-bearing knee X-rays", "Documentation of conservative treatments tried", "Functional assessment", "Physical examination with ROM", "Pre-operative medical clearance"]', '{"autoApprove": false, "conditions": ["KL Grade IV confirmed", "Failed >= 3 conservative treatments", "Duration >= 6 months conservative care"]}', '{"conditions": ["KL Grade I-II without mechanical symptoms", "No documented conservative treatment", "BMI > 45 without medical clearance"]}', '{"conditions": ["Age < 50", "BMI 40-45", "Bilateral simultaneous request", "Revision surgery"]}', '{"minAge": 40}', NULL, NULL, true, '{"minDuration": "6 months", "requiredTrials": ["Physical therapy", "NSAIDs or analgesics", "Intra-articular injections"]}', 'https://www.cms.gov/medicare-coverage-database/view/ncd.aspx?ncdid=150.7', '2025-06-01'),

('NCD-20.10', 'NCD', 'Cardiac Catheterization', '{"93458","93459","93460"}', '{"I25.10","I25.110","R07.9","I20.0"}', '2024-01-01', NULL, '["Positive stress test with ischemia", "Unstable angina", "NSTEMI/STEMI", "Valvular disease evaluation", "Unexplained heart failure"]', '["Stress test results", "ECG", "Echocardiogram", "Clinical notes", "Cardiac risk factors"]', '{"autoApprove": false, "conditions": ["Positive stress test", "Acute coronary syndrome", "CCS Angina Class III-IV"]}', '{"conditions": ["Normal stress test", "Stable angina with no new symptoms", "Low-risk features only"]}', '{"conditions": ["Repeat catheterization within 12 months", "Age > 80", "Significant comorbidities"]}', NULL, NULL, NULL, false, NULL, 'https://www.cms.gov/medicare-coverage-database/view/ncd.aspx?ncdid=20.10', '2025-06-01'),

('NCD-210.3', 'NCD', 'Screening Colonoscopy', '{"45378","45380","45385"}', '{"Z12.11","Z80.0","Z86.010"}', '2024-01-01', NULL, '["Age 45-75 for average risk", "Age 40 or 10 years before earliest FDR diagnosis for high risk", "Positive FIT/gFOBT"]', '["Patient age verification", "Risk factor assessment", "Prior colonoscopy date if applicable"]', '{"autoApprove": true, "conditions": ["Age 45-75 average risk", "No colonoscopy in past 10 years"]}', '{"conditions": ["Age < 45 without high risk", "Colonoscopy within 10 years without new symptoms", "Life expectancy < 10 years"]}', '{"conditions": ["Age > 75", "Repeat within 5 years without polyp history"]}', '{"minAge": 45, "maxAge": 85}', NULL, NULL, false, NULL, 'https://www.cms.gov/medicare-coverage-database/view/ncd.aspx?ncdid=210.3', '2025-06-01'),

('LCD-L37830', 'LCD', 'Lumbar Spinal Fusion', '{"22612","22630","22633"}', '{"M51.16","M47.816","M43.16","M48.06"}', '2024-01-01', NULL, '["Documented instability on dynamic imaging", "Failed conservative treatment >= 6 months", "Correlating neurological deficit", "MRI showing structural pathology"]', '["MRI lumbar spine", "Flexion-extension X-rays", "Physical therapy records with outcomes", "Pain management records", "Neurological examination", "Conservative treatment log"]', '{"autoApprove": false, "conditions": ["Dynamic instability > 3mm", "Failed PT with documented outcomes", "Correlating radiculopathy", "Non-smoker or cessation confirmed"]}', '{"conditions": ["No dynamic instability", "PT records not provided", "Active smoker", "No neurological deficit", "Conservative treatment < 6 months"]}', '{"conditions": ["Multi-level fusion > 2 levels", "Prior failed fusion", "Workers compensation"]}', NULL, NULL, NULL, true, '{"minDuration": "6 months", "requiredTrials": ["Physical therapy with documented outcomes", "Epidural steroid injections", "Pain management consultation", "Smoking cessation if applicable"]}', 'https://www.cms.gov/medicare-coverage-database/view/lcd.aspx?lcdid=L37830', '2025-06-01'),

('LCD-L36873', 'LCD', 'CT Abdomen and Pelvis', '{"74178","74177","74176"}', '{"R10.13","R10.9","R10.11","R19.00","C78.7"}', '2024-01-01', NULL, '["Acute abdominal symptoms", "Abnormal lab values suggesting pathology", "Incomplete evaluation on ultrasound", "Cancer staging or surveillance"]', '["Clinical notes with symptoms", "Physical examination findings", "Laboratory results", "Prior imaging if applicable"]', '{"autoApprove": false, "conditions": ["Documented acute symptoms", "Abnormal labs", "Abnormal prior imaging needing characterization"]}', '{"conditions": ["No documented symptoms", "Routine screening without indication", "Recent CT within 3 months without new symptoms"]}', '{"conditions": ["Repeat within 6 months", "Age < 18", "Pregnancy"]}', NULL, NULL, NULL, false, NULL, 'https://www.cms.gov/medicare-coverage-database/view/lcd.aspx?lcdid=L36873', '2025-06-01'),

('LCD-L35008', 'LCD', 'Shoulder Arthroscopy - Rotator Cuff Repair', '{"29827","29826","29824"}', '{"M75.111","M75.112","M75.121","M75.122"}', '2024-01-01', NULL, '["MRI confirming full-thickness rotator cuff tear", "Failed conservative treatment >= 3 months", "Functional limitations documented", "Patient is surgical candidate"]', '["MRI shoulder report", "Physical examination with ROM and strength testing", "Physical therapy records", "Injection records if applicable", "Functional assessment"]', '{"autoApprove": false, "conditions": ["Full-thickness tear on MRI", "Failed PT >= 3 months", "Documented functional impairment"]}', '{"conditions": ["Partial tear without symptoms", "No MRI obtained", "No conservative treatment trial"]}', '{"conditions": ["Age > 70", "Massive tear > 5cm", "Workers compensation", "Prior failed repair"]}', NULL, NULL, NULL, true, '{"minDuration": "3 months", "requiredTrials": ["Physical therapy", "NSAIDs", "Corticosteroid injection"]}', 'https://www.cms.gov/medicare-coverage-database/view/lcd.aspx?lcdid=L35008', '2025-06-01'),

('NCD-110.18', 'NCD', 'Chemotherapy Administration', '{"96413","96415","96416","96417"}', '{"C50.911","C50.912","C34.90","C18.9"}', '2024-01-01', NULL, '["Pathologically confirmed malignancy", "Treatment per NCCN guidelines", "Adequate organ function", "ECOG performance status 0-2"]', '["Pathology report", "Staging workup", "NCCN guideline reference", "Baseline labs (CBC, CMP)", "Cardiac function if applicable", "Treatment plan with regimen"]', '{"autoApprove": false, "conditions": ["Confirmed malignancy with pathology", "NCCN-recommended regimen", "Adequate organ function"]}', '{"conditions": ["No pathological confirmation", "Non-standard regimen without justification", "ECOG >= 4"]}', '{"conditions": ["Off-label regimen", "Prior treatment failure", "Clinical trial enrollment"]}', NULL, NULL, NULL, false, NULL, 'https://www.cms.gov/medicare-coverage-database/view/ncd.aspx?ncdid=110.18', '2025-06-01'),

('NCD-240.4', 'NCD', 'Polysomnography (Sleep Study)', '{"95810","95811"}', '{"G47.30","G47.33","R06.83","G47.9"}', '2024-01-01', NULL, '["Clinical evaluation of suspected sleep disorder", "STOP-BANG >= 5 or ESS >= 10", "In-person evaluation completed", "Sleep diary recommended"]', '["Clinical notes with sleep symptoms", "STOP-BANG or ESS scores", "In-person evaluation documentation", "Comorbidity assessment"]', '{"autoApprove": false, "conditions": ["STOP-BANG >= 5 or ESS >= 10", "In-person evaluation documented", "Clinical symptoms present"]}', '{"conditions": ["No documented sleep symptoms", "Screening scores below threshold", "No in-person evaluation"]}', '{"conditions": ["No sleep diary provided", "Repeat study within 12 months", "Home sleep test not considered first"]}', NULL, NULL, NULL, false, NULL, 'https://www.cms.gov/medicare-coverage-database/view/ncd.aspx?ncdid=240.4', '2025-06-01'),

('LCD-L38684', 'LCD', 'Breast Biopsy with Imaging Guidance', '{"19083","19081","19082"}', '{"N63.10","N63.20","R92.1","R92.2"}', '2024-01-01', NULL, '["BI-RADS 4 or 5 on mammography/ultrasound", "Suspicious palpable finding", "New or enlarging mass"]', '["Mammography report with BI-RADS", "Ultrasound report if applicable", "Clinical breast examination", "Family history assessment"]', '{"autoApprove": true, "conditions": ["BI-RADS 4 or 5", "Suspicious finding requiring tissue diagnosis"]}', '{"conditions": ["BI-RADS 1-2 without clinical concern", "Recent benign biopsy of same area within 6 months"]}', '{"conditions": ["BI-RADS 3 with request for biopsy", "Multiple biopsies requested"]}', NULL, 'F', NULL, false, NULL, 'https://www.cms.gov/medicare-coverage-database/view/lcd.aspx?lcdid=L38684', '2025-06-01'),

('NCD-240.4.1', 'NCD', 'CPAP Device Coverage', '{"E0601"}', '{"G47.33","G47.31"}', '2024-01-01', NULL, '["AHI >= 15 documented by qualifying sleep study", "In-person clinical evaluation", "CPAP titration study or auto-CPAP trial"]', '["Polysomnography report with AHI", "In-person evaluation documentation", "CPAP titration results", "Compliance plan"]', '{"autoApprove": false, "conditions": ["AHI >= 15 on PSG", "In-person evaluation completed", "PSG performed in accredited lab"]}', '{"conditions": ["No qualifying sleep study performed", "AHI < 5", "Home sleep test only with significant comorbidities"]}', '{"conditions": ["AHI 5-14 (requires additional criteria)", "Supplemental oxygen needed", "Complex sleep apnea"]}', NULL, NULL, NULL, false, NULL, 'https://www.cms.gov/medicare-coverage-database/view/ncd.aspx?ncdid=240.4.1', '2025-06-01'),

('NCD-20.10.1', 'NCD', 'Percutaneous Coronary Intervention with Stent', '{"92928","92929","92920"}', '{"I25.10","I25.110","I21.9","I20.0"}', '2024-01-01', NULL, '["Angiographic stenosis >= 70%", "Or >= 50% with positive ischemia test", "Or acute coronary syndrome", "SYNTAX score evaluation"]', '["Cardiac catheterization report", "Angiographic findings", "Stress test results", "Echocardiogram", "SYNTAX score"]', '{"autoApprove": false, "conditions": ["Stenosis >= 70% on angiography", "Stenosis >= 50% with positive ischemia", "ACS presentation", "SYNTAX score <= 22"]}', '{"conditions": ["Stenosis < 50%", "No ischemia on testing", "SYNTAX > 32 (CABG preferred)"]}', '{"conditions": ["Multi-vessel disease", "Left main disease", "Prior CABG", "CTO intervention"]}', NULL, NULL, NULL, false, NULL, 'https://www.cms.gov/medicare-coverage-database/view/ncd.aspx?ncdid=20.10.1', '2025-06-01'),

('LCD-L33632.1', 'LCD', 'Outpatient Physical Rehabilitation Post-Surgical', '{"97140","97110","97530","97542"}', '{"Z96.651","Z96.652","Z96.641","Z87.39"}', '2024-01-01', NULL, '["Post-surgical with documented functional deficits", "Standardized outcome measures", "Skilled therapy required", "Reasonable expectation of improvement"]', '["Operative report", "Post-operative functional assessment", "Standardized measures (TUG, Berg, LEFS)", "Treatment plan with specific goals"]', '{"autoApprove": false, "conditions": ["Within 90 days of surgery", "Documented functional deficits", "Standardized measures showing impairment"]}', '{"conditions": ["No surgical procedure documented", "Maintenance therapy", "No functional deficits documented"]}', '{"conditions": ["Requests > 24 visits", "> 90 days post-op", "No documented progress"]}', NULL, NULL, '{"maxVisitsInitial": 24, "maxVisitsExtension": 12}', false, NULL, 'https://www.cms.gov/medicare-coverage-database/view/lcd.aspx?lcdid=L33632.1', '2025-06-01');
